time,seconds_elapsed,z,y,x
1696965173678139000,0.155138916015625,0.11278154700994492,0.03408745676279068,-0.040345702320337296
1696965173688154400,0.165154296875,0.12236864119768143,0.009587096981704235,-0.050998032093048096
1696965173698172400,0.17517236328125,0.1149120107293129,0.03089175745844841,-0.060585130006074905
1696965173708192300,0.185192138671875,0.11597724258899689,-0.004260932095348835,-0.033954303711652756
1696965173718214100,0.195214111328125,0.11810771375894547,0.03408745676279068,-0.045671865344047546
1696965173728237300,0.2052373046875,0.11278154700994492,0.0021304660476744175,-0.040345702320337296
1696965173738261500,0.215261474609375,0.11171631515026093,0.009587096981704235,-0.047802332788705826
1696965173748286500,0.225286376953125,0.10532491654157639,0.04154408723115921,-0.03288906812667847
1696965173758311200,0.235311279296875,0.10532491654157639,-0.02450035884976387,-0.017975807189941406
1696965173768329000,0.245328857421875,0.09999874979257584,0.03089175745844841,-0.04673709720373154
1696965173778343200,0.25534326171875,0.08934641629457474,0.03089175745844841,-0.031823836266994476
1696965173788357400,0.265357421875,0.0936073511838913,-0.02769605815410614,-0.017975807189941406
1696965173798371600,0.27537158203125,0.08402025699615479,0.0639139786362648,-0.035019535571336746
1696965173808385800,0.2853857421875,0.0829550251364708,-0.04154408723115921,-0.022236740216612816
1696965173818399700,0.295399658203125,0.07869409024715424,0.02556559257209301,-0.024367205798625946
1696965173828414000,0.3054140625,0.07549838721752167,0.03089175745844841,-0.025432437658309937
1696965173838428200,0.31542822265625,0.07656362652778625,-0.01810896210372448,-0.019041040912270546
1696965173848442400,0.3254423828125,0.07017222791910172,0.0426093190908432,-0.033954303711652756
1696965173858456600,0.33545654296875,0.06697652488946915,0.04793548583984375,-0.038215234875679016
1696965173868470800,0.345470703125,0.07017222791910172,-0.007456631399691105,-0.010519175790250301
1696965173878484700,0.355484619140625,0.06484606117010117,0.02023942768573761,-0.035019535571336746
1696965173888499000,0.3654990234375,0.057389430701732635,0.05113118514418602,-0.027562905102968216
1696965173898513200,0.37551318359375,0.06697652488946915,-0.03515268862247467,-0.015845341607928276
1696965173908527400,0.38552734375,0.060585130006074905,0.05645735189318657,-0.037150003015995026
1696965173918541600,0.39554150390625,0.05632419511675835,-0.00852186419069767,-0.020106272771954536
1696965173928555800,0.4055556640625,0.06271559745073318,0.0010652330238372087,-0.019041040912270546
1696965173938569700,0.41556982421875,0.058454662561416626,0.03302222490310669,-0.03928046673536301
1696965173948584000,0.425583984375,0.05312849581241608,-0.007456631399691105,-0.021171506494283676
1696965173958598100,0.43559814453125,0.06484606117010117,-0.03515268862247467,-0.029693370684981346
1696965173968612400,0.4456123046875,0.060585130006074905,0.009587096981704235,-0.040345702320337296
1696965173978626600,0.45562646484375,0.06271559745073318,-0.04687025398015976,-0.031823836266994476
1696965173988640800,0.465640869140625,0.06804175674915314,-0.05113118514418602,-0.03288906812667847
1696965173998655000,0.475655029296875,0.06910699605941772,-0.03621792420744896,-0.045671865344047546
1696965174008669000,0.4856689453125,0.06697652488946915,-0.02663082629442215,-0.042476166039705276
1696965174018683100,0.49568310546875,0.07017222791910172,-0.06924014538526535,-0.028628136962652206
1696965174028697300,0.505697265625,0.07443315535783768,-0.05858781561255455,-0.044606633484363556
1696965174038711600,0.515711669921875,0.0723026916384697,-0.03941362351179123,-0.045671865344047546
1696965174048725800,0.525725830078125,0.07017222791910172,-0.0639139786362648,-0.042476166039705276
1696965174058740000,0.535739990234375,0.07656362652778625,-0.08308817446231842,-0.038215234875679016
1696965174068754000,0.54575390625,0.07443315535783768,-0.01384802907705307,-0.041410934180021286
1696965174078768000,0.55576806640625,0.07549838721752167,-0.06071828305721283,-0.035019535571336746
1696965174088782300,0.5657822265625,0.08082455396652222,-0.03408745676279068,-0.038215234875679016
1696965174098796500,0.575796630859375,0.07975932210683823,0.0053261648863554,-0.021171506494283676
1696965174108810800,0.585810791015625,0.07869409024715424,-0.01491326279938221,-0.013714875094592571
1696965174118825000,0.595824951171875,0.07549838721752167,0.05113118514418602,0.006524552125483751
1696965174128839000,0.6058388671875,0.07549838721752167,-0.0021304660476744175,-0.015845341607928276
1696965174138853000,0.61585302734375,0.06910699605941772,0.0159784946590662,-0.021171506494283676
1696965174148867300,0.625867431640625,0.06591129302978516,-0.06604444980621338,0.009720250964164734
1696965174158881500,0.635881591796875,0.08721595257520676,-0.03515268862247467,-0.019041040912270546
1696965174168895700,0.645895751953125,0.08188978582620621,0.012782796286046505,-0.037150003015995026
1696965174178910000,0.655909912109375,0.08721595257520676,-0.09161003679037094,-0.031823836266994476
1696965174188924200,0.665924072265625,0.08721595257520676,-0.009587096981704235,-0.048867564648389816
1696965174198938400,0.6759384765625,0.0829550251364708,0.007456631399691105,-0.041410934180021286
1696965174208952600,0.68595263671875,0.07549838721752167,0.06604444980621338,-0.031823836266994476
1696965174218966800,0.695966796875,0.07762885838747025,0.04367455467581749,-0.012649642303586006
1696965174228981000,0.70598095703125,0.0723026916384697,0.1288931965827942,-0.035019535571336746
1696965174238995200,0.7159951171875,0.06804175674915314,0.06817491352558136,-0.014780107885599136
1696965174249009400,0.726009521484375,0.06804175674915314,0.03515268862247467,0.00226362026296556
1696965174259023600,0.736023681640625,0.07975932210683823,0.009587096981704235,-0.010519175790250301
1696965174269037800,0.746037841796875,0.08082455396652222,-0.0213046595454216,0.007589785382151604
1696965174279052000,0.756052001953125,0.08402025699615479,0.05432688444852829,-0.038215234875679016
1696965174289066200,0.766066162109375,0.07443315535783768,-0.05539211630821228,0.004394086077809334
1696965174299080400,0.77608056640625,0.08188978582620621,-0.0010652330238372087,-0.026497671380639076
1696965174309094700,0.7860947265625,0.07549838721752167,0.08308817446231842,-0.005193010903894901
1696965174319108900,0.79610888671875,0.07975932210683823,-0.02023942768573761,-0.026497671380639076
1696965174329123000,0.806123046875,0.06804175674915314,0.03834838792681694,-0.033954303711652756
1696965174339137300,0.81613720703125,0.058454662561416626,0.06924014538526535,0.0033288532868027687
1696965174349151700,0.82615185546875,0.058454662561416626,0.05752258375287056,-0.0030625448562204838
1696965174359166000,0.836166015625,0.0712374597787857,-0.02023942768573761,-0.024367205798625946
1696965174369180200,0.84618017578125,0.055258963257074356,0.03834838792681694,0.00226362026296556
1696965174379194400,0.8561943359375,0.060585130006074905,-0.012782796286046505,0.017176883295178413
1696965174389208600,0.86620849609375,0.06591129302978516,-0.04687025398015976,0.021437814459204674
1696965174399222800,0.876222900390625,0.06804175674915314,-0.02982652559876442,0.020372580736875534
1696965174409237000,0.886237060546875,0.0712374597787857,-0.06817491352558136,0.03954677656292915
1696965174419251200,0.896251220703125,0.0712374597787857,-0.0426093190908432,0.040612008422613144
1696965174429265400,0.906265380859375,0.06697652488946915,-0.01491326279938221,0.047003407031297684
1696965174439279600,0.916279541015625,0.06378082931041718,0.03302222490310669,0.044872939586639404
1696965174449293800,0.9262939453125,0.06591129302978516,0.03089175745844841,0.03954677656292915
1696965174459308000,0.93630810546875,0.07017222791910172,0.0053261648863554,0.048068638890981674
1696965174469322200,0.946322265625,0.07336792349815369,0.02982652559876442,0.040612008422613144
1696965174479336400,0.95633642578125,0.07656362652778625,0.01171756349503994,0.050199106335639954
1696965174489350700,0.9663505859375,0.08508548885583878,0.004260932095348835,0.04274247586727142
1696965174499364900,0.97636474609375,0.08721595257520676,0.009587096981704235,0.044872939586639404
1696965174509379000,0.986379150390625,0.0936073511838913,-0.02663082629442215,0.040612008422613144
1696965174519393300,0.996393310546875,0.09999874979257584,0.0063913981430232525,0.044872939586639404
1696965174529407500,1.006407470703125,0.1031944528222084,-0.04367455467581749,0.050199106335639954
1696965174539421700,1.016421630859375,0.10212921351194382,-0.0031956990715116262,0.03209014609456062
1696965174549436000,1.026435791015625,0.10852061212062836,-0.02876129187643528,0.04593817517161369
1696965174559450000,1.0364501953125,0.11278154700994492,-0.0053261648863554,0.027829213067889214
1696965174569464300,1.04646435546875,0.11065108329057693,-0.02769605815410614,0.051264338195323944
1696965174579478800,1.056478759765625,0.1138467788696289,-0.04473978653550148,0.040612008422613144
1696965174589493000,1.066492919921875,0.1149120107293129,-0.009587096981704235,0.037416309118270874
1696965174599507200,1.076507080078125,0.11278154700994492,-0.01810896210372448,0.034220609813928604
1696965174609521400,1.086521484375,0.10852061212062836,0,0.036351077258586884
1696965174619535600,1.09653564453125,0.11065108329057693,-0.03302222490310669,0.04274247586727142
1696965174629549800,1.1065498046875,0.10639014840126038,0.03941362351179123,0.025698747485876083
1696965174639564000,1.11656396484375,0.10212921351194382,-0.0159784946590662,0.044872939586639404
1696965174649578200,1.126578125,0.1031944528222084,0.00852186419069767,0.028894444927573204
1696965174659592400,1.136592529296875,0.09467258304357529,0.04793548583984375,0.031024912372231483
1696965174669606700,1.146606689453125,0.0925421193242073,-0.0031956990715116262,0.037416309118270874
1696965174679620900,1.156620849609375,0.0925421193242073,0.02450035884976387,0.03528584539890289
1696965174689635000,1.166635009765625,0.08828118443489075,0.009587096981704235,0.024633513763546944
1696965174699649300,1.176649169921875,0.0829550251364708,0.02343512699007988,0.036351077258586884
1696965174709663500,1.18666357421875,0.08721595257520676,0.0010652330238372087,0.037416309118270874
1696965174719677700,1.196677734375,0.08508548885583878,-0.01491326279938221,0.025698747485876083
1696965174729692000,1.20669189453125,0.07762885838747025,0.02769605815410614,0.033155377954244614
1696965174739706000,1.2167060546875,0.07975932210683823,-0.03621792420744896,0.040612008422613144
1696965174749720300,1.22672021484375,0.08082455396652222,0.01704372838139534,0.027829213067889214
1696965174759734500,1.236734619140625,0.07975932210683823,-0.02769605815410614,0.03528584539890289
1696965174769748700,1.246748779296875,0.07975932210683823,-0.004260932095348835,0.031024912372231483
1696965174779763000,1.256762939453125,0.08188978582620621,-0.0319569893181324,0.033155377954244614
1696965174789777200,1.266777099609375,0.08402025699615479,-0.0063913981430232525,0.028894444927573204
1696965174799791400,1.276791259765625,0.08082455396652222,-0.0213046595454216,0.033155377954244614
1696965174809805600,1.2868056640625,0.08508548885583878,-0.0213046595454216,0.028894444927573204
1696965174819820000,1.296820068359375,0.08721595257520676,-0.009587096981704235,0.023568280041217804
1696965174829834200,1.306834228515625,0.09147688746452332,-0.03621792420744896,0.024633513763546944
1696965174839848400,1.316848388671875,0.09041165560483932,-0.0031956990715116262,0.024633513763546944
1696965174849862700,1.326862548828125,0.09573781490325928,-0.007456631399691105,0.009720250964164734
1696965174859876900,1.336876953125,0.0936073511838913,-0.004260932095348835,0.024633513763546944
1696965174869891000,1.34689111328125,0.09786828607320786,-0.0053261648863554,0.017176883295178413
1696965174879905300,1.3569052734375,0.09786828607320786,0.02556559257209301,0.010785484686493874
1696965174889919500,1.36691943359375,0.09999874979257584,-0.004260932095348835,0.012915950268507004
1696965174899933700,1.37693359375,0.09893351793289185,0.02343512699007988,0.024633513763546944
1696965174909948000,1.386947998046875,0.10212921351194382,0.0106523297727108,0.012915950268507004
1696965174919962000,1.396962158203125,0.09893351793289185,0.05539211630821228,0.025698747485876083
1696965174929976600,1.4069765625,0.1042596846818924,-0.02556559257209301,0.027829213067889214
1696965174939990800,1.41699072265625,0.10106398165225983,0.04580501839518547,0.026763979345560074
1696965174950005000,1.4270048828125,0.09999874979257584,-0.0053261648863554,0.036351077258586884
1696965174960019200,1.437019287109375,0.09999874979257584,0.01171756349503994,0.03528584539890289
1696965174970033700,1.44703369140625,0.1031944528222084,-0.03515268862247467,0.040612008422613144
1696965174980048000,1.4570478515625,0.09999874979257584,0.01171756349503994,0.027829213067889214
1696965174990062000,1.46706201171875,0.09573781490325928,-0.01491326279938221,0.047003407031297684
1696965175000076300,1.477076171875,0.10212921351194382,-0.06710968166589737,0.041677240282297134
1696965175010090800,1.4870908203125,0.0936073511838913,0.04473978653550148,0.021437814459204674
1696965175020105000,1.49710498046875,0.0925421193242073,-0.06071828305721283,0.051264338195323944
1696965175030119200,1.507119140625,0.09573781490325928,-0.03408745676279068,0.031024912372231483
1696965175040133400,1.51713330078125,0.08934641629457474,0.03515268862247467,0.024633513763546944
1696965175050147800,1.52714794921875,0.0925421193242073,-0.06178351491689682,0.041677240282297134
1696965175060162000,1.537162109375,0.08508548885583878,0.04047885537147522,0.023568280041217804
1696965175070176300,1.54717626953125,0.08828118443489075,-0.04900071769952774,0.031024912372231483
1696965175080190500,1.5571904296875,0.08615072071552277,0.04900071769952774,0.020372580736875534
1696965175090205000,1.567204833984375,0.08508548885583878,-0.06924014538526535,0.03528584539890289
1696965175100219100,1.57721923828125,0.0829550251364708,0.08095771074295044,0.007589785382151604
1696965175110233300,1.5872333984375,0.08615072071552277,-0.0213046595454216,0.029959678649902344
1696965175120247600,1.59724755859375,0.08828118443489075,-0.03302222490310669,0.018242115154862404
1696965175130261800,1.60726171875,0.08402025699615479,0.08415340632200241,0.004394086077809334
1696965175140276200,1.617276123046875,0.09467258304357529,-0.07243584841489792,0.029959678649902344
1696965175150290400,1.62729052734375,0.08934641629457474,0.05219641700387001,0.007589785382151604
1696965175160304600,1.6373046875,0.0936073511838913,-0.0213046595454216,0.017176883295178413
1696965175170318800,1.64731884765625,0.0925421193242073,0.04047885537147522,0.006524552125483751
1696965175180333300,1.657333251953125,0.09573781490325928,-0.02663082629442215,0.028894444927573204
1696965175190347500,1.667347412109375,0.09573781490325928,0.03834838792681694,0.00226362026296556
1696965175200361700,1.67736181640625,0.09467258304357529,0.0010652330238372087,0.020372580736875534
1696965175210376000,1.6873759765625,0.09786828607320786,0.0010652330238372087,0.016111649572849274
1696965175220390400,1.697390380859375,0.09786828607320786,0.03089175745844841,0.005459319334477186
1696965175230404600,1.707404541015625,0.0925421193242073,0.02023942768573761,0.016111649572849274
1696965175240418800,1.717418701171875,0.09680305421352386,-0.007456631399691105,0.017176883295178413
1696965175250433000,1.72743310546875,0.09999874979257584,0.01384802907705307,0.005459319334477186
1696965175260447500,1.737447509765625,0.0936073511838913,0.009587096981704235,0.017176883295178413
1696965175270461700,1.747461669921875,0.10106398165225983,-0.02236989326775074,0.015046416781842709
1696965175280476000,1.757475830078125,0.09893351793289185,0.0159784946590662,0.013981183059513569
1696965175290490000,1.767489990234375,0.09999874979257584,-0.02236989326775074,0.015046416781842709
1696965175300504600,1.777504638671875,0.09680305421352386,0.02876129187643528,0.019307348877191544
1696965175310518800,1.787518798828125,0.10212921351194382,-0.05432688444852829,0.025698747485876083
1696965175320533000,1.797532958984375,0.09680305421352386,0.04580501839518547,0.012915950268507004
1696965175330547200,1.807547119140625,0.09786828607320786,-0.0426093190908432,0.03848154470324516
1696965175340561400,1.8175615234375,0.09999874979257584,0.0159784946590662,0.019307348877191544
1696965175350575600,1.82757568359375,0.09573781490325928,0.0063913981430232525,0.031024912372231483
1696965175360590000,1.837590087890625,0.0936073511838913,0.01810896210372448,0.03528584539890289
1696965175370604300,1.847604248046875,0.09786828607320786,0.009587096981704235,0.03528584539890289
1696965175380618500,1.857618408203125,0.09467258304357529,0.0159784946590662,0.028894444927573204
1696965175390632700,1.8676328125,0.0925421193242073,0.02343512699007988,0.037416309118270874
1696965175400647000,1.87764697265625,0.09680305421352386,-0.0159784946590662,0.036351077258586884
1696965175410661000,1.8876611328125,0.09147688746452332,0.05752258375287056,0.026763979345560074
1696965175420675300,1.89767529296875,0.0925421193242073,-0.02450035884976387,0.037416309118270874
1696965175430689500,1.907689453125,0.09573781490325928,0.01384802907705307,0.025698747485876083
1696965175440703700,1.917703857421875,0.0925421193242073,-0.004260932095348835,0.024633513763546944
1696965175450718000,1.927718017578125,0.0936073511838913,-0.0159784946590662,0.027829213067889214
1696965175460732200,1.937732177734375,0.09573781490325928,0.0021304660476744175,0.013981183059513569
1696965175470746400,1.947746337890625,0.09573781490325928,-0.02663082629442215,0.019307348877191544
1696965175480760600,1.957760498046875,0.0936073511838913,0.03302222490310669,0.005459319334477186
1696965175490774800,1.96777490234375,0.0925421193242073,-0.04473978653550148,0.029959678649902344
1696965175500789000,1.9777890625,0.09999874979257584,0.0053261648863554,-0.005193010903894901
1696965175510803200,1.98780322265625,0.09147688746452332,-0.0063913981430232525,0.021437814459204674
1696965175520817400,1.9978173828125,0.09680305421352386,-0.02876129187643528,0.013981183059513569
1696965175530831600,2.00783154296875,0.09893351793289185,0.0021304660476744175,0.004394086077809334
1696965175540845800,2.017845703125,0.0936073511838913,0.01384802907705307,0.012915950268507004
1696965175550860000,2.027860107421875,0.09786828607320786,-0.02663082629442215,0.017176883295178413
1696965175560874200,2.037874267578125,0.09786828607320786,0.01810896210372448,0.007589785382151604
1696965175570888400,2.047888427734375,0.0925421193242073,0,0.017176883295178413
1696965175580902700,2.057902587890625,0.09680305421352386,0.01384802907705307,0.015046416781842709
1696965175590916900,2.067916748046875,0.09893351793289185,-0.01704372838139534,0.015046416781842709
1696965175600931300,2.077931396484375,0.0925421193242073,0.06497921794652939,0.006524552125483751
1696965175610945500,2.087945556640625,0.09786828607320786,-0.02343512699007988,0.03209014609456062
1696965175620959700,2.097959716796875,0.09893351793289185,0.04047885537147522,0.006524552125483751
1696965175630974000,2.107973876953125,0.0925421193242073,0.012782796286046505,0.025698747485876083
1696965175640988200,2.11798828125,0.09893351793289185,0.01171756349503994,0.018242115154862404
1696965175651002400,2.12800244140625,0.09999874979257584,0.00852186419069767,0.012915950268507004
1696965175661016600,2.1380166015625,0.09573781490325928,0.01810896210372448,0.019307348877191544
1696965175671030800,2.14803076171875,0.09893351793289185,-0.012782796286046505,0.020372580736875534
1696965175681045000,2.158044921875,0.09893351793289185,0.0159784946590662,0.011850717477500439
1696965175691059200,2.16805908203125,0.09680305421352386,-0.012782796286046505,0.019307348877191544
1696965175701073700,2.17807373046875,0.09893351793289185,0.0053261648863554,0.015046416781842709
1696965175711087900,2.188087890625,0.09893351793289185,-0.0159784946590662,0.017176883295178413
1696965175721102000,2.19810205078125,0.09786828607320786,0.0159784946590662,0.007589785382151604
1696965175731116300,2.2081162109375,0.0936073511838913,-0.0021304660476744175,0.020372580736875534
1696965175741130800,2.218130859375,0.09999874979257584,-0.004260932095348835,0.011850717477500439
1696965175751145000,2.22814501953125,0.0936073511838913,0.02556559257209301,0.012915950268507004
1696965175761159200,2.2381591796875,0.0936073511838913,-0.0063913981430232525,0.020372580736875534
1696965175771173400,2.24817333984375,0.0936073511838913,0.0159784946590662,0.017176883295178413
1696965175781187800,2.258187744140625,0.0925421193242073,0.02556559257209301,0.013981183059513569
1696965175791202000,2.2682021484375,0.09041165560483932,0.0010652330238372087,0.023568280041217804
1696965175801216300,2.27821630859375,0.0936073511838913,0.012782796286046505,0.017176883295178413
1696965175811230500,2.28823046875,0.09041165560483932,0.00852186419069767,0.020372580736875534
1696965175821245000,2.298244873046875,0.09467258304357529,-0.012782796286046505,0.024633513763546944
1696965175831259100,2.308259033203125,0.09893351793289185,-0.0319569893181324,0.011850717477500439
1696965175841273300,2.3182734375,0.09147688746452332,0.02876129187643528,0.013981183059513569
1696965175851287600,2.32828759765625,0.09467258304357529,-0.05006595328450203,0.024633513763546944
1696965175861301800,2.3383017578125,0.09573781490325928,0.01171756349503994,0.006524552125483751
1696965175871316200,2.348316162109375,0.0936073511838913,-0.02663082629442215,0.010785484686493874
1696965175881330400,2.358330322265625,0.0936073511838913,0.007456631399691105,0.006524552125483751
1696965175891344600,2.3683447265625,0.0925421193242073,-0.0159784946590662,0.011850717477500439
1696965175901358800,2.37835888671875,0.09573781490325928,-0.0021304660476744175,0.0011983871227130294
1696965175911373300,2.388373291015625,0.09041165560483932,0.0063913981430232525,0.016111649572849274
1696965175921387500,2.398387451171875,0.09467258304357529,-0.02769605815410614,0.006524552125483751
1696965175931401700,2.408401611328125,0.0925421193242073,0.01917419396340847,0.004394086077809334
1696965175941416000,2.418416015625,0.09147688746452332,-0.02769605815410614,0.015046416781842709
1696965175951430400,2.428430419921875,0.09893351793289185,-0.01704372838139534,0.008655018173158169
1696965175961444600,2.438444580078125,0.09893351793289185,-0.02876129187643528,0.009720250964164734
1696965175971458800,2.448458740234375,0.09573781490325928,-0.0106523297727108,0.015046416781842709
1696965175981473000,2.45847314453125,0.10212921351194382,-0.04687025398015976,0.018242115154862404
1696965175991487500,2.468487548828125,0.1031944528222084,-0.02876129187643528,0.010785484686493874
1696965176001501700,2.478501708984375,0.09786828607320786,-0.007456631399691105,0.015046416781842709
1696965176011516000,2.488515869140625,0.1031944528222084,-0.04047885537147522,0.022503048181533813
1696965176021530000,2.498530029296875,0.1031944528222084,-0.01171756349503994,0.013981183059513569
1696965176031544600,2.508544677734375,0.09680305421352386,0.012782796286046505,0.015046416781842709
1696965176041558800,2.518558837890625,0.10106398165225983,-0.02450035884976387,0.029959678649902344
1696965176051573000,2.528572998046875,0.1031944528222084,-0.009587096981704235,0.015046416781842709
1696965176061587200,2.538587158203125,0.0936073511838913,0.02343512699007988,0.027829213067889214
1696965176071601700,2.5486015625,0.09786828607320786,-0.02982652559876442,0.031024912372231483
1696965176081616000,2.558615966796875,0.09999874979257584,0.012782796286046505,0.020372580736875534
1696965176091630000,2.568630126953125,0.09467258304357529,0.0053261648863554,0.025698747485876083
1696965176101644300,2.578644287109375,0.09680305421352386,0.004260932095348835,0.029959678649902344
1696965176111658800,2.58865869140625,0.09999874979257584,-0.007456631399691105,0.03528584539890289
1696965176121673000,2.5986728515625,0.09680305421352386,0.0106523297727108,0.025698747485876083
1696965176131687200,2.608687255859375,0.09573781490325928,-0.009587096981704235,0.034220609813928604
1696965176141701400,2.618701416015625,0.09680305421352386,0.01171756349503994,0.029959678649902344
1696965176151715800,2.6287158203125,0.09680305421352386,-0.0021304660476744175,0.029959678649902344
1696965176161730000,2.63872998046875,0.09147688746452332,0.0426093190908432,0.028894444927573204
1696965176171744300,2.648744140625,0.0925421193242073,-0.0021304660476744175,0.04274247586727142
1696965176181758500,2.658758544921875,0.0925421193242073,0.02769605815410614,0.021437814459204674
1696965176191773000,2.66877294921875,0.08721595257520676,0.02023942768573761,0.036351077258586884
1696965176201787100,2.678787109375,0.08828118443489075,0.01171756349503994,0.036351077258586884
1696965176211801300,2.68880126953125,0.0936073511838913,0.012782796286046505,0.015046416781842709
1696965176221815600,2.698815673828125,0.07975932210683823,0.04580501839518547,0.037416309118270874
1696965176231830000,2.708830078125,0.09041165560483932,-0.02023942768573761,0.028894444927573204
1696965176241844200,2.71884423828125,0.08615072071552277,0.02236989326775074,0.013981183059513569
1696965176251858400,2.7288583984375,0.08188978582620621,-0.0021304660476744175,0.026763979345560074
1696965176261872600,2.73887255859375,0.08615072071552277,-0.0053261648863554,0.025698747485876083
1696965176271887000,2.74888720703125,0.08402025699615479,0.00852186419069767,0.015046416781842709
1696965176281901300,2.7589013671875,0.08188978582620621,-0.007456631399691105,0.018242115154862404
1696965176291915500,2.76891552734375,0.07869409024715424,0.01171756349503994,0.024633513763546944
1696965176301929700,2.7789296875,0.08402025699615479,-0.02556559257209301,0.013981183059513569
1696965176311944200,2.788944091796875,0.07549838721752167,0.03089175745844841,0.022503048181533813
1696965176321958400,2.79895849609375,0.07869409024715424,-0.03515268862247467,0.027829213067889214
1696965176331972600,2.80897265625,0.08082455396652222,0,0.010785484686493874
1696965176341986800,2.81898681640625,0.0712374597787857,0.01491326279938221,0.023568280041217804
1696965176352001300,2.829001220703125,0.07549838721752167,-0.03408745676279068,0.031024912372231483
1696965176362015500,2.839015380859375,0.08188978582620621,-0.01704372838139534,0.009720250964164734
1696965176372029700,2.84902978515625,0.07336792349815369,-0.02236989326775074,0.023568280041217804
1696965176382044000,2.8590439453125,0.07549838721752167,-0.03515268862247467,0.017176883295178413
1696965176392058400,2.869058349609375,0.07975932210683823,-0.04047885537147522,0.019307348877191544
1696965176402072600,2.879072509765625,0.07549838721752167,-0.02876129187643528,0.006524552125483751
1696965176412086800,2.889086669921875,0.07549838721752167,-0.04367455467581749,0.019307348877191544
1696965176422101000,2.89910107421875,0.07762885838747025,-0.04154408723115921,0.012915950268507004
1696965176432115200,2.909115234375,0.07336792349815369,-0.01704372838139534,0.010785484686493874
1696965176442129700,2.919129638671875,0.07443315535783768,-0.04900071769952774,0.023568280041217804
1696965176452143900,2.929143798828125,0.07656362652778625,-0.03089175745844841,0.008655018173158169
1696965176462158000,2.939157958984375,0.07017222791910172,-0.0106523297727108,0.018242115154862404
1696965176472172300,2.94917236328125,0.0723026916384697,-0.03408745676279068,0.031024912372231483
1696965176482186800,2.959186767578125,0.07336792349815369,-0.01384802907705307,0.021437814459204674
1696965176492201000,2.969200927734375,0.07017222791910172,-0.01491326279938221,0.031024912372231483
1696965176502215200,2.979215087890625,0.07017222791910172,-0.01704372838139534,0.036351077258586884
1696965176512229400,2.9892294921875,0.07336792349815369,-0.02343512699007988,0.03528584539890289
1696965176522243800,2.999243896484375,0.0712374597787857,-0.004260932095348835,0.040612008422613144
1696965176532258000,3.009258056640625,0.07017222791910172,-0.02023942768573761,0.057655736804008484
1696965176542272300,3.019272216796875,0.0723026916384697,-0.012782796286046505,0.04913387447595596
1696965176552286500,3.029286376953125,0.06804175674915314,-0.01917419396340847,0.0555252730846405
1696965176562301000,3.039301025390625,0.06378082931041718,-0.01704372838139534,0.06937330216169357
1696965176572315100,3.049315185546875,0.0723026916384697,-0.03408745676279068,0.07150376588106155
1696965176582329300,3.059329345703125,0.0712374597787857,-0.01917419396340847,0.07043853402137756
1696965176592343600,3.069343505859375,0.06378082931041718,-0.0319569893181324,0.09280842542648315
1696965176602358000,3.07935791015625,0.07336792349815369,-0.03941362351179123,0.0874822586774826
1696965176612372200,3.089372314453125,0.0712374597787857,-0.04154408723115921,0.08961272984743118
1696965176622386400,3.099386474609375,0.060585130006074905,-0.04580501839518547,0.11517832428216934
1696965176632400600,3.109400634765625,0.07017222791910172,-0.03941362351179123,0.11198262125253677
1696965176642415000,3.1194150390625,0.07017222791910172,-0.04473978653550148,0.11411308497190475
1696965176652429300,3.12942919921875,0.059519894421100616,-0.03089175745844841,0.1407439112663269
1696965176662443500,3.139443603515625,0.06697652488946915,-0.03728315606713295,0.1407439112663269
1696965176672457700,3.149457763671875,0.06804175674915314,-0.04047885537147522,0.1418091505765915
1696965176682472200,3.15947216796875,0.05632419511675835,0,0.1631138026714325
1696965176692486400,3.169486328125,0.06271559745073318,-0.012782796286046505,0.16524426639080048
1696965176702500600,3.17950048828125,0.06484606117010117,0.0010652330238372087,0.16098333895206451
1696965176712514800,3.189514892578125,0.052063263952732086,0.03408745676279068,0.17696183919906616
1696965176722529300,3.199529296875,0.052063263952732086,0.02556559257209301,0.1833532303571701
1696965176732543500,3.20954345703125,0.05312849581241608,0.04047885537147522,0.17909230291843414
1696965176742557700,3.2195576171875,0.050998032093048096,0.05113118514418602,0.1737661361694336
1696965176752572000,3.229572021484375,0.043541401624679565,0.04687025398015976,0.18122276663780212
1696965176762586400,3.23958642578125,0.043541401624679565,0.04687025398015976,0.17483137547969818
1696965176772600600,3.2496005859375,0.04673709720373154,0.05965305119752884,0.16630950570106506
1696965176782614800,3.25961474609375,0.050998032093048096,0.07137060910463333,0.15033100545406342
1696965176792629000,3.26962890625,0.047802332788705826,0.05432688444852829,0.172700896859169
1696965176802643500,3.2796435546875,0.05312849581241608,0.05965305119752884,0.12263495475053787
1696965176812657700,3.28965771484375,0.042476166039705276,0.15658925473690033,0.1194392517209053
1696965176822672000,3.299671875,0.042476166039705276,0.06284874677658081,0.10559122264385223
1696965176832686000,3.30968603515625,0.038215234875679016,0.12995843589305878,0.08961272984743118
1696965176842700500,3.319700439453125,0.03928046673536301,0.11824086308479309,0.07150376588106155
1696965176852714800,3.32971484375,0.03608476743102074,0.11824086308479309,0.07256899774074554
1696965176862729000,3.33972900390625,0.038215234875679016,0.07030537724494934,0.043807707726955414
1696965176872743200,3.3497431640625,0.027562905102968216,0.16404588520526886,0.017176883295178413
1696965176882757600,3.359757568359375,0.026497671380639076,0.12250179797410965,0.005459319334477186
1696965176892771800,3.369771728515625,0.025432437658309937,0.08308817446231842,-0.0009320789249613881
1696965176902786000,3.3797861328125,0.026497671380639076,0.11397993564605713,-0.041410934180021286
1696965176912800300,3.38980029296875,0.025432437658309937,0.1374150663614273,-0.07443315535783768
1696965176922814700,3.399814697265625,0.027562905102968216,0.07137060910463333,-0.07869409024715424
1696965176932829000,3.409828857421875,0.033954303711652756,0.06071828305721283,-0.11065108329057693
1696965176942843100,3.419843017578125,0.028628136962652206,0.15658925473690033,-0.14367330074310303
1696965176952857300,3.429857421875,0.024367205798625946,0.0532616525888443,-0.15965180099010468
1696965176962871600,3.43987158203125,0.026497671380639076,0.0639139786362648,-0.2118482142686844
1696965176972886000,3.449885986328125,0.029693370684981346,0.1267627328634262,-0.23634858429431915
1696965176982900200,3.459900146484375,0.042476166039705276,0.02663082629442215,-0.22250054776668549
1696965176992914400,3.46991455078125,0.05312849581241608,0.05113118514418602,-0.23634858429431915
1696965177002928600,3.4799287109375,0.059519894421100616,0.0159784946590662,-0.232087641954422
1696965177012943000,3.489943115234375,0.058454662561416626,0.01704372838139534,-0.23954427242279053
1696965177022957300,3.499957275390625,0.06271559745073318,0.03089175745844841,-0.2661750912666321
1696965177032971500,3.509971435546875,0.061650361865758896,0.009587096981704235,-0.255522757768631
1696965177042985700,3.51998583984375,0.06804175674915314,0.02236989326775074,-0.26937079429626465
1696965177053000000,3.53,0.06697652488946915,0.0159784946590662,-0.2640446424484253
1696965177063014100,3.54001416015625,0.06804175674915314,0.02450035884976387,-0.25658801198005676
1696965177073028400,3.5500283203125,0.06804175674915314,0.02023942768573761,-0.24700090289115906
1696965177083042600,3.56004248046875,0.07336792349815369,0.02450035884976387,-0.2640446424484253
1696965177093056800,3.570056884765625,0.07017222791910172,0.02556559257209301,-0.2427399754524231
1696965177103071000,3.580071044921875,0.07336792349815369,0.0063913981430232525,-0.23954427242279053
1696965177113085200,3.590085205078125,0.07443315535783768,0.007456631399691105,-0.22889193892478943
1696965177123099400,3.600099365234375,0.07549838721752167,-0.0213046595454216,-0.2310224175453186
1696965177133113600,3.610113525390625,0.07017222791910172,-0.02023942768573761,-0.2011958807706833
1696965177143127800,3.6201279296875,0.07762885838747025,-0.04580501839518547,-0.20652204751968384
1696965177153142000,3.63014208984375,0.06910699605941772,-0.004260932095348835,-0.19480448961257935
1696965177163156200,3.64015625,0.06484606117010117,-0.05539211630821228,-0.17030413448810577
1696965177173170400,3.65017041015625,0.0723026916384697,-0.06604444980621338,-0.17243459820747375
1696965177183184600,3.6601845703125,0.06484606117010117,-0.02876129187643528,-0.15326039493083954
1696965177193198800,3.67019873046875,0.05312849581241608,-0.06924014538526535,-0.12662957608699799
1696965177203213300,3.68021337890625,0.060585130006074905,-0.07030537724494934,-0.1255643367767334
1696965177213227500,3.6902275390625,0.05632419511675835,-0.05752258375287056,-0.10852061212062836
1696965177223241700,3.70024169921875,0.03928046673536301,-0.04580501839518547,-0.06910699605941772
1696965177233256000,3.710255859375,0.041410934180021286,-0.06071828305721283,-0.0723026916384697
1696965177243270100,3.720270263671875,0.047802332788705826,-0.06284874677658081,-0.06378082931041718
1696965177253284400,3.730284423828125,0.030758604407310486,-0.0426093190908432,-0.021171506494283676
1696965177263298600,3.740298583984375,0.027562905102968216,-0.0426093190908432,-0.019041040912270546
1696965177273312800,3.750312744140625,0.037150003015995026,-0.06284874677658081,-0.010519175790250301
1696965177283327000,3.760326904296875,0.028628136962652206,-0.03302222490310669,0.015046416781842709
1696965177293341200,3.770341064453125,0.016910573467612267,-0.03515268862247467,0.03209014609456062
1696965177303355400,3.78035546875,0.033954303711652756,-0.03408745676279068,0.03528584539890289
1696965177313369600,3.79036962890625,0.031823836266994476,-0.04367455467581749,0.040612008422613144
1696965177323383800,3.8003837890625,0.021171506494283676,-0.0213046595454216,0.06404713541269302
1696965177333398000,3.81039794921875,0.035019535571336746,-0.02556559257209301,0.07150376588106155
1696965177343412200,3.820412109375,0.04673709720373154,-0.06924014538526535,0.051264338195323944
1696965177353426400,3.830426513671875,0.027562905102968216,-0.0021304660476744175,0.08002562820911407
1696965177363440600,3.840440673828125,0.042476166039705276,-0.05965305119752884,0.08322133123874664
1696965177373454800,3.850454833984375,0.045671865344047546,0.012782796286046505,0.07043853402137756
1696965177383469000,3.860468994140625,0.054193731397390366,-0.08095771074295044,0.0778951644897461
1696965177393483500,3.8704833984375,0.04993279650807381,-0.03302222490310669,0.07256899774074554
1696965177403497700,3.880497802734375,0.052063263952732086,-0.0010652330238372087,0.08961272984743118
1696965177413512000,3.890511962890625,0.06591129302978516,-0.07989247888326645,0.066177599132061
1696965177423526100,3.900526123046875,0.05632419511675835,-0.01171756349503994,0.07256899774074554
1696965177433540600,3.91054052734375,0.059519894421100616,-0.04580501839518547,0.0768299326300621
1696965177443554800,3.920554931640625,0.06378082931041718,-0.0159784946590662,0.061916667968034744
1696965177453569000,3.930569091796875,0.06271559745073318,-0.05006595328450203,0.07256899774074554
1696965177463583200,3.940583251953125,0.061650361865758896,-0.02023942768573761,0.0555252730846405
1696965177473597700,3.95059765625,0.06378082931041718,-0.03941362351179123,0.050199106335639954
1696965177483612000,3.96061181640625,0.059519894421100616,-0.0053261648863554,0.041677240282297134
1696965177493626000,3.970626220703125,0.059519894421100616,-0.03834838792681694,0.037416309118270874
1696965177503640300,3.980640380859375,0.058454662561416626,-0.007456631399691105,0.017176883295178413
1696965177513654800,3.99065478515625,0.055258963257074356,-0.02236989326775074,0.016111649572849274
1696965177523669000,4.0006689453125,0.052063263952732086,-0.02450035884976387,0.007589785382151604
1696965177533683200,4.01068310546875,0.052063263952732086,-0.02343512699007988,-0.019041040912270546
1696965177543697400,4.020697509765625,0.047802332788705826,-0.02450035884976387,-0.017975807189941406
1696965177553711900,4.0307119140625,0.044606633484363556,-0.01384802907705307,-0.033954303711652756
1696965177563726000,4.04072607421875,0.041410934180021286,-0.03515268862247467,-0.038215234875679016
1696965177573740300,4.050740234375,0.043541401624679565,-0.01491326279938221,-0.07443315535783768
1696965177583754500,4.06075439453125,0.037150003015995026,-0.02876129187643528,-0.060585130006074905
1696965177593769000,4.07076904296875,0.040345702320337296,-0.02982652559876442,-0.09147688746452332
1696965177603783200,4.080783203125,0.037150003015995026,-0.02769605815410614,-0.10106398165225983
1696965177613797400,4.09079736328125,0.035019535571336746,-0.04047885537147522,-0.11278154700994492
1696965177623811600,4.1008115234375,0.037150003015995026,-0.03941362351179123,-0.12449911236763
1696965177633826000,4.110825927734375,0.038215234875679016,-0.03089175745844841,-0.14260807633399963
1696965177643840300,4.12084033203125,0.038215234875679016,-0.04900071769952774,-0.145803764462471
1696965177653854500,4.1308544921875,0.040345702320337296,-0.02343512699007988,-0.1585865616798401
1696965177663868700,4.14086865234375,0.044606633484363556,-0.02236989326775074,-0.17030413448810577
1696965177673883100,4.150883056640625,0.044606633484363556,-0.0010652330238372087,-0.17030413448810577
1696965177683897300,4.1608974609375,0.048867564648389816,0.0063913981430232525,-0.17030413448810577
1696965177693911600,4.17091162109375,0.050998032093048096,0.02769605815410614,-0.17989122867584229
1696965177703925800,4.18092578125,0.050998032093048096,0.04687025398015976,-0.17030413448810577
1696965177713940200,4.190940185546875,0.05632419511675835,0.04473978653550148,-0.16497796773910522
1696965177723954400,4.200954345703125,0.06271559745073318,0.05858781561255455,-0.1681736707687378
1696965177733968600,4.21096875,0.06271559745073318,0.08308817446231842,-0.1575213372707367
1696965177743982800,4.22098291015625,0.06697652488946915,0.04793548583984375,-0.14367330074310303
1696965177753997300,4.230997314453125,0.07443315535783768,0.0852186381816864,-0.15006470680236816
1696965177764011500,4.241011474609375,0.07443315535783768,0.06178351491689682,-0.12449911236763
1696965177774025700,4.251025634765625,0.07762885838747025,0.0639139786362648,-0.12236864119768143
1696965177784040000,4.2610400390625,0.08082455396652222,0.07030537724494934,-0.10212921351194382
1696965177794054400,4.271054443359375,0.08082455396652222,0.07882724702358246,-0.09680305421352386
1696965177804068600,4.281068603515625,0.07762885838747025,0.08308817446231842,-0.0723026916384697
1696965177814082800,4.291082763671875,0.07975932210683823,0.08628387749195099,-0.052063263952732086
1696965177824097000,4.301096923828125,0.07549838721752167,0.11824086308479309,-0.048867564648389816
1696965177834111500,4.311111572265625,0.06591129302978516,0.10971900075674057,-0.008388710208237171
1696965177844125700,4.321125732421875,0.06591129302978516,0.13634982705116272,0.005459319334477186
1696965177854140000,4.331139892578125,0.058454662561416626,0.14487169682979584,0.020372580736875534
1696965177864154000,4.341154052734375,0.04993279650807381,0.15658925473690033,0.05232957378029823
1696965177874168600,4.35116845703125,0.044606633484363556,0.17256775498390198,0.07576470077037811
1696965177884182800,4.361182861328125,0.03928046673536301,0.1704372763633728,0.09600412845611572
1696965177894197000,4.371197021484375,0.030758604407310486,0.19493764638900757,0.12156971544027328
1696965177904211200,4.381211181640625,0.025432437658309937,0.15765449404716492,0.14713531732559204
1696965177914225400,4.391225341796875,0.020106272771954536,0.191741943359375,0.15778763592243195
1696965177924240000,4.401239990234375,0.014780107885599136,0.17363297939300537,0.18867939710617065
1696965177934254000,4.411254150390625,0.010519175790250301,0.14700216054916382,0.20891882479190826
1696965177944268300,4.421268310546875,0.010519175790250301,0.14061075448989868,0.22383208572864532
1696965177954282500,4.431282470703125,0.008388710208237171,0.12995843589305878,0.23341917991638184
1696965177964297000,4.441296875,0.005193010903894901,0.10545806586742401,0.25898477435112
1696965177974311200,4.451311279296875,0.008388710208237171,0.08841434121131897,0.2675066292285919
1696965177984325400,4.461325439453125,0.007323476951569319,0.0745663121342659,0.2696371078491211
1696965177994339600,4.471339599609375,0.0030625448562204838,0.05539211630821228,0.28241991996765137
1696965178004354000,4.48135400390625,0.004127778112888336,0.04580501839518547,0.2920069992542267
1696965178014368300,4.4913681640625,0.010519175790250301,0.01171756349503994,0.28348514437675476
1696965178024382500,4.501382568359375,0.007323476951569319,0.03408745676279068,0.2898765504360199
1696965178034396700,4.511396728515625,0.010519175790250301,-0.02876129187643528,0.2898765504360199
1696965178044411100,4.5214111328125,0.010519175790250301,0.02450035884976387,0.2770937383174896
1696965178054425300,4.53142529296875,0.012649642303586006,-0.01810896210372448,0.27496325969696045
1696965178064439600,4.541439453125,0.023301972076296806,-0.03089175745844841,0.2675066292285919
1696965178074453800,4.551453857421875,0.028628136962652206,-0.0106523297727108,0.24939768016338348
1696965178084468200,4.56146826171875,0.03608476743102074,-0.03089175745844841,0.23874534666538239
1696965178094482400,4.571482421875,0.04673709720373154,-0.07350108027458191,0.2270277887582779
1696965178104496600,4.58149658203125,0.057389430701732635,-0.05219641700387001,0.2057231217622757
1696965178114510800,4.5915107421875,0.06271559745073318,-0.04367455467581749,0.19720126688480377
1696965178124525300,4.601525390625,0.07762885838747025,-0.11504516750574112,0.18548369407653809
1696965178134539500,4.61153955078125,0.08615072071552277,-0.06284874677658081,0.16524426639080048
1696965178144553700,4.6215537109375,0.09467258304357529,-0.10971900075674057,0.15352670848369598
1696965178154568000,4.63156787109375,0.10532491654157639,-0.09800143539905548,0.13754820823669434
1696965178164582400,4.64158251953125,0.1149120107293129,-0.13634982705116272,0.12156971544027328
1696965178174596600,4.6515966796875,0.11704248189926147,-0.06071828305721283,0.08961272984743118
1696965178184610800,4.66161083984375,0.12236864119768143,-0.14380645751953125,0.09706936031579971
1696965178194625000,4.671625,0.12662957608699799,-0.1065233051776886,0.06511236727237701
1696965178204639500,4.681639404296875,0.12449911236763,-0.08202294260263443,0.043807707726955414
1696965178214653700,4.69165380859375,0.12876003980636597,-0.14487169682979584,0.043807707726955414
1696965178224668000,4.70166796875,0.12662957608699799,-0.06817491352558136,0.005459319334477186
1696965178234682000,4.71168212890625,0.12236864119768143,-0.09480573982000351,0.0011983871227130294
1696965178244696600,4.721696533203125,0.11917294561862946,-0.0639139786362648,-0.024367205798625946
1696965178254710800,4.731710693359375,0.11065108329057693,-0.05219641700387001,-0.031823836266994476
1696965178264725000,4.74172509765625,0.10639014840126038,-0.01491326279938221,-0.055258963257074356
1696965178274739200,4.7517392578125,0.10106398165225983,-0.05645735189318657,-0.048867564648389816
1696965178284753700,4.761753662109375,0.09680305421352386,0.0053261648863554,-0.07975932210683823
1696965178294767900,4.771767822265625,0.08508548885583878,0.0021304660476744175,-0.0712374597787857
1696965178304782000,4.781781982421875,0.08828118443489075,-0.009587096981704235,-0.08188978582620621
1696965178314796300,4.79179638671875,0.07656362652778625,0.02556559257209301,-0.08508548885583878
1696965178324810800,4.801810791015625,0.07549838721752167,0.012782796286046505,-0.09467258304357529
1696965178334825000,4.811824951171875,0.07443315535783768,-0.0063913981430232525,-0.08721595257520676
1696965178344839200,4.821839111328125,0.0723026916384697,0.04154408723115921,-0.1031944528222084
1696965178354853400,4.831853271484375,0.06591129302978516,0.01491326279938221,-0.08615072071552277
1696965178364867600,4.84186767578125,0.0712374597787857,0.01171756349503994,-0.09893351793289185
1696965178374881800,4.8518818359375,0.06697652488946915,0.02769605815410614,-0.0925421193242073
1696965178384896000,4.86189599609375,0.06591129302978516,0.02663082629442215,-0.0925421193242073
1696965178394910200,4.87191015625,0.07017222791910172,0.0021304660476744175,-0.08188978582620621
1696965178404924400,4.88192431640625,0.07017222791910172,0.05219641700387001,-0.09573781490325928
1696965178414938600,4.891938720703125,0.06910699605941772,0.01810896210372448,-0.07549838721752167
1696965178424952800,4.901952880859375,0.07549838721752167,0.05006595328450203,-0.0712374597787857
1696965178434967000,4.911967041015625,0.07549838721752167,0.03728315606713295,-0.07975932210683823
1696965178444981200,4.921981201171875,0.07549838721752167,0.04367455467581749,-0.06378082931041718
1696965178454995500,4.931995361328125,0.08615072071552277,0.03408745676279068,-0.059519894421100616
1696965178465010000,4.942010009765625,0.08402025699615479,0.05858781561255455,-0.06271559745073318
1696965178475024100,4.952024169921875,0.08828118443489075,0.04367455467581749,-0.042476166039705276
1696965178485038300,4.962038330078125,0.0936073511838913,0.03302222490310669,-0.042476166039705276
1696965178495052500,4.972052490234375,0.09573781490325928,0.06924014538526535,-0.043541401624679565
1696965178505066800,4.982066650390625,0.09893351793289185,0.02556559257209301,-0.025432437658309937
1696965178515081000,4.9920810546875,0.10745538026094437,0.04687025398015976,-0.03288906812667847
1696965178525095200,5.00209521484375,0.1042596846818924,0.0532616525888443,-0.015845341607928276
1696965178535109400,5.012109375,0.10958584398031235,0.04687025398015976,-0.019041040912270546
1696965178545123600,5.02212353515625,0.1138467788696289,0.03515268862247467,-0.001997311832383275
1696965178555137800,5.0321376953125,0.11597724258899689,0.04793548583984375,-0.010519175790250301
1696965178565152000,5.042152099609375,0.11704248189926147,0.0426093190908432,0.0011983871227130294
1696965178575166200,5.052166259765625,0.12236864119768143,0.01917419396340847,0.007589785382151604
1696965178585180400,5.062180419921875,0.12343387305736542,0.02343512699007988,0.0033288532868027687
1696965178595194600,5.072194580078125,0.12236864119768143,0.05219641700387001,0.011850717477500439
1696965178605208800,5.082208740234375,0.12449911236763,0.0031956990715116262,0.018242115154862404
1696965178615223000,5.09222314453125,0.12769481539726257,0.02556559257209301,0.015046416781842709
1696965178625237200,5.1022373046875,0.12769481539726257,0.03302222490310669,0.012915950268507004
1696965178635251500,5.11225146484375,0.1255643367767334,-0.0053261648863554,0.027829213067889214
1696965178645265700,5.122265625,0.12876003980636597,0.0063913981430232525,0.016111649572849274
1696965178655279900,5.13227978515625,0.1255643367767334,0.04047885537147522,0.018242115154862404
1696965178665294300,5.14229443359375,0.12449911236763,0.01384802907705307,0.027829213067889214
1696965178675308500,5.15230859375,0.1255643367767334,-0.01384802907705307,0.029959678649902344
1696965178685322800,5.16232275390625,0.12130340933799744,0.05219641700387001,0.010785484686493874
1696965178695337000,5.1723369140625,0.12023817747831345,-0.01810896210372448,0.036351077258586884
1696965178705351400,5.182351318359375,0.1255643367767334,-0.0010652330238372087,0.019307348877191544
1696965178715365600,5.19236572265625,0.1149120107293129,0.06604444980621338,0.016111649572849274
1696965178725379800,5.2023798828125,0.11704248189926147,-0.03834838792681694,0.033155377954244614
1696965178735394000,5.21239404296875,0.11810771375894547,0.02236989326775074,0.016111649572849274
1696965178745408500,5.222408447265625,0.11278154700994492,0.04473978653550148,0.015046416781842709
1696965178755422700,5.232422607421875,0.11810771375894547,-0.03834838792681694,0.03209014609456062
1696965178765437000,5.24243701171875,0.11810771375894547,0.0021304660476744175,0.011850717477500439
1696965178775451100,5.252451171875,0.1138467788696289,0.05113118514418602,0.010785484686493874
1696965178785465600,5.262465576171875,0.11917294561862946,-0.012782796286046505,0.021437814459204674
1696965178795479800,5.272479736328125,0.11597724258899689,-0.02556559257209301,0.022503048181533813
1696965178805494000,5.282493896484375,0.1149120107293129,0.07989247888326645,-0.001997311832383275
1696965178815508200,5.29250830078125,0.12236864119768143,-0.04687025398015976,0.033155377954244614
1696965178825522700,5.302522705078125,0.12449911236763,-0.0213046595454216,0.013981183059513569
1696965178835537000,5.312536865234375,0.11278154700994492,0.10013190656900406,-0.005193010903894901
1696965178845551000,5.322551025390625,0.12449911236763,-0.05219641700387001,0.03528584539890289
1696965178855565300,5.3325654296875,0.12343387305736542,0.01704372838139534,0.009720250964164734
1696965178865579500,5.34257958984375,0.11917294561862946,0.0532616525888443,0.008655018173158169
1696965178875594000,5.352593994140625,0.12449911236763,-0.03089175745844841,0.026763979345560074
1696965178885608200,5.362608154296875,0.1255643367767334,0.03515268862247467,0.013981183059513569
1696965178895622400,5.372622314453125,0.12449911236763,0.04687025398015976,-0.005193010903894901
1696965178905636600,5.38263671875,0.12343387305736542,0.00852186419069767,0.027829213067889214
1696965178915651000,5.392651123046875,0.12876003980636597,0.0106523297727108,0.011850717477500439
1696965178925665300,5.402665283203125,0.12449911236763,0.09480573982000351,-0.010519175790250301
1696965178935679500,5.412679443359375,0.12769481539726257,-0.05006595328450203,0.03528584539890289
1696965178945693700,5.422693603515625,0.13195574283599854,0.0532616525888443,-0.013714875094592571
1696965178955708200,5.432708251953125,0.12449911236763,0.10119713842868805,-0.0030625448562204838
1696965178965722400,5.442722412109375,0.13302096724510193,-0.06071828305721283,0.023568280041217804
1696965178975736600,5.452736572265625,0.12662957608699799,0.11504516750574112,-0.023301972076296806
1696965178985750800,5.462750732421875,0.12876003980636597,-0.01171756349503994,0.018242115154862404
1696965178995765200,5.47276513671875,0.1362166702747345,0.0159784946590662,-0.004127778112888336
1696965179005779500,5.482779541015625,0.12876003980636597,0.06178351491689682,-0.010519175790250301
1696965179015793700,5.492793701171875,0.12982527911663055,0.0021304660476744175,0.008655018173158169
1696965179025808000,5.502807861328125,0.13195574283599854,0.02876129187643528,-0.009453942999243736
1696965179035822300,5.512822265625,0.12876003980636597,0.04047885537147522,-0.006258244160562754
1696965179045836500,5.52283642578125,0.13408620655536652,-0.03515268862247467,0.0033288532868027687
1696965179055850800,5.532850830078125,0.1255643367767334,0.09480573982000351,-0.023301972076296806
1696965179065865000,5.542864990234375,0.12982527911663055,-0.0319569893181324,0.010785484686493874
1696965179075879400,5.55287939453125,0.12876003980636597,0.06497921794652939,-0.021171506494283676
1696965179085893600,5.5628935546875,0.12130340933799744,0.03941362351179123,-0.0009320789249613881
1696965179095907800,5.572907958984375,0.12769481539726257,0.02556559257209301,-0.009453942999243736
1696965179105922000,5.582922119140625,0.12769481539726257,0.03515268862247467,-0.0030625448562204838
1696965179115936500,5.5929365234375,0.12236864119768143,0.03941362351179123,-0.010519175790250301
1696965179125950700,5.60295068359375,0.12343387305736542,0.03941362351179123,-0.0030625448562204838
1696965179135965000,5.61296484375,0.1255643367767334,-0.0010652330238372087,-0.0009320789249613881
1696965179145979100,5.622979248046875,0.11917294561862946,0.06817491352558136,-0.009453942999243736
1696965179155993600,5.63299365234375,0.12662957608699799,-0.03834838792681694,0.009720250964164734
1696965179166007800,5.6430078125,0.12449911236763,0.06178351491689682,-0.014780107885599136
1696965179176022000,5.65302197265625,0.11917294561862946,0.0021304660476744175,0.005459319334477186
1696965179186036200,5.6630361328125,0.12769481539726257,0.0053261648863554,0.0033288532868027687
1696965179196050700,5.67305078125,0.12236864119768143,0.01491326279938221,-0.001997311832383275
1696965179206065000,5.68306494140625,0.12343387305736542,0.0213046595454216,0.004394086077809334
1696965179216079000,5.6930791015625,0.12662957608699799,-0.0159784946590662,0.006524552125483751
1696965179226093300,5.70309326171875,0.12343387305736542,0.03834838792681694,-0.008388710208237171
1696965179236107800,5.713107666015625,0.12236864119768143,0.01704372838139534,0.011850717477500439
1696965179246122000,5.7231220703125,0.12982527911663055,-0.01810896210372448,-0.001997311832383275
1696965179256136200,5.73313623046875,0.11917294561862946,0.08202294260263443,0.006524552125483751
1696965179266150400,5.743150390625,0.12876003980636597,-0.04580501839518547,0.008655018173158169
1696965179276164900,5.753164794921875,0.12236864119768143,0.08095771074295044,-0.0009320789249613881
1696965179286179000,5.763178955078125,0.12449911236763,-0.02556559257209301,0.013981183059513569
1696965179296193300,5.773193359375,0.12876003980636597,0.05219641700387001,-0.0009320789249613881
1696965179306207500,5.78320751953125,0.1255643367767334,-0.01704372838139534,0.018242115154862404
1696965179316222000,5.793221923828125,0.12876003980636597,0.03834838792681694,-0.001997311832383275
1696965179326236200,5.803236083984375,0.13089050352573395,-0.02982652559876442,0.024633513763546944
1696965179336250400,5.81325048828125,0.13302096724510193,0.03408745676279068,-0.008388710208237171
1696965179346264600,5.8232646484375,0.12982527911663055,-0.0053261648863554,0.018242115154862404
1696965179356279000,5.833279052734375,0.1362166702747345,-0.012782796286046505,0.007589785382151604
1696965179366293200,5.843293212890625,0.12982527911663055,0.0426093190908432,0.004394086077809334
1696965179376307500,5.853307373046875,0.1351514458656311,-0.01491326279938221,0.017176883295178413
1696965179386321700,5.86332177734375,0.1351514458656311,0.0106523297727108,0.012915950268507004
1696965179396336000,5.873336181640625,0.13195574283599854,0.03834838792681694,0.011850717477500439
1696965179406350300,5.883350341796875,0.13408620655536652,-0.0010652330238372087,0.021437814459204674
1696965179416364500,5.893364501953125,0.13302096724510193,0.03302222490310669,0.013981183059513569
1696965179426378800,5.903378662109375,0.12982527911663055,0.0319569893181324,0.019307348877191544
1696965179436393000,5.91339306640625,0.13408620655536652,-0.012782796286046505,0.026763979345560074
1696965179446407400,5.923407470703125,0.13302096724510193,0.02450035884976387,0.015046416781842709
1696965179456421600,5.933421630859375,0.13089050352573395,0.02023942768573761,0.026763979345560074
1696965179466435800,5.943435791015625,0.13408620655536652,-0.02876129187643528,0.029959678649902344
1696965179476450000,5.953449951171875,0.13089050352573395,0.0639139786362648,0.011850717477500439
1696965179486464500,5.963464599609375,0.1362166702747345,-0.0639139786362648,0.036351077258586884
1696965179496478700,5.973478759765625,0.13089050352573395,0.05858781561255455,0.008655018173158169
1696965179506493000,5.983492919921875,0.13302096724510193,-0.02769605815410614,0.031024912372231483
1696965179516507100,5.993507080078125,0.13302096724510193,0.02769605815410614,0.013981183059513569
1696965179526521600,6.003521484375,0.13089050352573395,-0.0010652330238372087,0.028894444927573204
1696965179536535800,6.013535888671875,0.13195574283599854,0.0106523297727108,0.017176883295178413
1696965179546550000,6.023550048828125,0.13195574283599854,0.007456631399691105,0.025698747485876083
1696965179556564200,6.033564208984375,0.12769481539726257,0.02450035884976387,0.016111649572849274
1696965179566578700,6.04357861328125,0.12982527911663055,0.0159784946590662,0.028894444927573204
1696965179576593000,6.053593017578125,0.12876003980636597,0.01384802907705307,0.019307348877191544
1696965179586607000,6.063607177734375,0.12982527911663055,0.02556559257209301,0.020372580736875534
1696965179596621300,6.073621337890625,0.13195574283599854,-0.007456631399691105,0.026763979345560074
1696965179606635800,6.0836357421875,0.12982527911663055,0.03941362351179123,0.015046416781842709
1696965179616650000,6.09364990234375,0.12982527911663055,0.01491326279938221,0.022503048181533813
1696965179626664200,6.103664306640625,0.13408620655536652,0.0031956990715116262,0.018242115154862404
1696965179636678400,6.113678466796875,0.12982527911663055,0.03302222490310669,0.021437814459204674
1696965179646692900,6.12369287109375,0.13408620655536652,0.0031956990715116262,0.016111649572849274
1696965179656707000,6.13370703125,0.13408620655536652,0.0426093190908432,0.009720250964164734
1696965179666721300,6.14372119140625,0.13728190958499908,-0.01171756349503994,0.018242115154862404
1696965179676735500,6.153735595703125,0.13195574283599854,0.06178351491689682,0.006524552125483751
1696965179686750000,6.16375,0.1351514458656311,-0.0021304660476744175,0.010785484686493874
1696965179696764200,6.17376416015625,0.13728190958499908,0.04154408723115921,0.00226362026296556
1696965179706778400,6.1837783203125,0.1362166702747345,0.0063913981430232525,0.006524552125483751
1696965179716792600,6.19379248046875,0.13834713399410248,0.04793548583984375,-0.001997311832383275
1696965179726807000,6.20380712890625,0.13834713399410248,0.007456631399691105,0.005459319334477186
1696965179736821200,6.2138212890625,0.13728190958499908,0.03834838792681694,-0.006258244160562754
1696965179746835500,6.22383544921875,0.13834713399410248,0.03941362351179123,-0.0009320789249613881
1696965179756849700,6.233849609375,0.13941237330436707,0.007456631399691105,-0.0030625448562204838
1696965179766864100,6.243864013671875,0.13941237330436707,0.06071828305721283,-0.005193010903894901
1696965179776878300,6.25387841796875,0.13941237330436707,0.012782796286046505,0.0033288532868027687
1696965179786892500,6.263892578125,0.14260807633399963,0.02982652559876442,-0.010519175790250301
1696965179796906800,6.27390673828125,0.1362166702747345,0.04900071769952774,0.00226362026296556
1696965179806921200,6.283921142578125,0.14047759771347046,0.012782796286046505,-0.001997311832383275
1696965179816935400,6.293935302734375,0.14047759771347046,0.05219641700387001,-0.0030625448562204838
1696965179826949600,6.30394970703125,0.13941237330436707,0.0159784946590662,0.00226362026296556
1696965179836963800,6.3139638671875,0.13834713399410248,0.04473978653550148,0.0011983871227130294
1696965179846978300,6.323978271484375,0.13941237330436707,0.02343512699007988,0.005459319334477186
1696965179856992500,6.333992431640625,0.13834713399410248,0.02023942768573761,0.004394086077809334
1696965179867006700,6.3440068359375,0.1351514458656311,0.05219641700387001,0.006524552125483751
1696965179877021000,6.35402099609375,0.13728190958499908,-0.007456631399691105,0.012915950268507004
1696965179887035400,6.364035400390625,0.13834713399410248,0.04900071769952774,0.005459319334477186
1696965179897049600,6.374049560546875,0.13302096724510193,-0.012782796286046505,0.022503048181533813
1696965179907063800,6.384063720703125,0.13728190958499908,0.03515268862247467,0.008655018173158169
1696965179917078000,6.394078125,0.1362166702747345,0.007456631399691105,0.023568280041217804
1696965179927092500,6.404092529296875,0.1362166702747345,0.02023942768573761,0.013981183059513569
1696965179937106700,6.414106689453125,0.13302096724510193,0.03089175745844841,0.022503048181533813
1696965179947121000,6.424120849609375,0.1362166702747345,0.012782796286046505,0.013981183059513569
1696965179957135000,6.434135009765625,0.13728190958499908,0.0319569893181324,0.020372580736875534
1696965179967149300,6.4441494140625,0.1362166702747345,0.0010652330238372087,0.021437814459204674
1696965179977163800,6.454163818359375,0.13728190958499908,0.03834838792681694,0.011850717477500439
1696965179987178000,6.464177978515625,0.14154283702373505,0,0.017176883295178413
1696965179997192200,6.474192138671875,0.13834713399410248,0.02343512699007988,0.005459319334477186
1696965180007206400,6.484206298828125,0.13941237330436707,0.012782796286046505,0.013981183059513569
1696965180017220900,6.494220947265625,0.14154283702373505,0.009587096981704235,0.009720250964164734
1696965180027235000,6.504235107421875,0.14473854005336761,-0.01810896210372448,0.00226362026296556
1696965180037249300,6.514249267578125,0.14473854005336761,0.02236989326775074,0.005459319334477186
1696965180047263500,6.524263427734375,0.14260807633399963,-0.00852186419069767,0.008655018173158169
1696965180057278000,6.53427783203125,0.14793424308300018,-0.0021304660476744175,0.0001331541279796511
1696965180067292200,6.544292236328125,0.14367330074310303,0.02450035884976387,-0.0009320789249613881
1696965180077306400,6.554306396484375,0.1468690037727356,-0.02343512699007988,0.008655018173158169
1696965180087320600,6.564320556640625,0.14793424308300018,0.02556559257209301,-0.0030625448562204838
1696965180097335000,6.5743349609375,0.14793424308300018,-0.0159784946590662,0.008655018173158169
1696965180107349200,6.584349365234375,0.1468690037727356,0.007456631399691105,0.004394086077809334
1696965180117363500,6.594363525390625,0.14899946749210358,-0.0031956990715116262,0.0011983871227130294
1696965180127377700,6.604377685546875,0.14899946749210358,-0.0021304660476744175,0.0001331541279796511
1696965180137392000,6.61439208984375,0.145803764462471,0.004260932095348835,-0.0009320789249613881
1696965180147406300,6.62440625,0.15219517052173615,-0.012782796286046505,0.0011983871227130294
1696965180157420500,6.634420654296875,0.14793424308300018,0.01491326279938221,-0.0030625448562204838
1696965180167434800,6.644434814453125,0.14793424308300018,-0.0106523297727108,-0.001997311832383275
1696965180177449200,6.65444921875,0.15006470680236816,0.01917419396340847,-0.0030625448562204838
1696965180187463400,6.66446337890625,0.14899946749210358,0.0021304660476744175,-0.004127778112888336
1696965180197477600,6.6744775390625,0.14793424308300018,0.0031956990715116262,0.007589785382151604
1696965180207491800,6.684491943359375,0.1468690037727356,0.04047885537147522,-0.006258244160562754
1696965180217506300,6.69450634765625,0.15006470680236816,-0.0213046595454216,0.006524552125483751
1696965180227520500,6.7045205078125,0.145803764462471,0.03941362351179123,0.007589785382151604
1696965180237534700,6.71453466796875,0.1468690037727356,-0.01917419396340847,0.011850717477500439
1696965180247549000,6.724548828125,0.14899946749210358,0.0159784946590662,0.010785484686493874
1696965180257563400,6.7345634765625,0.14793424308300018,-0.0063913981430232525,0.008655018173158169
1696965180267577600,6.74457763671875,0.1468690037727356,0.009587096981704235,0.011850717477500439
1696965180277591800,6.754591796875,0.14793424308300018,-0.009587096981704235,0.007589785382151604
1696965180287606000,6.76460595703125,0.1468690037727356,0.0319569893181324,0.00226362026296556
1696965180297620500,6.774620361328125,0.14793424308300018,-0.03089175745844841,0.023568280041217804
1696965180307634700,6.784634765625,0.14899946749210358,0.04473978653550148,-0.014780107885599136
1696965180317649000,6.79464892578125,0.14367330074310303,-0.0021304660476744175,0.018242115154862404
1696965180327663000,6.8046630859375,0.14793424308300018,0.01491326279938221,-0.014780107885599136
1696965180337677600,6.814677490234375,0.14367330074310303,0.04793548583984375,0.0033288532868027687
1696965180347691800,6.82469189453125,0.15219517052173615,-0.04473978653550148,-0.001997311832383275
1696965180357706000,6.8347060546875,0.13941237330436707,0.09267527610063553,-0.011584409512579441
1696965180367720200,6.84472021484375,0.1564560979604721,-0.07350108027458191,-0.001997311832383275
1696965180377734700,6.854734619140625,0.14473854005336761,0.1065233051776886,-0.027562905102968216
1696965180387748900,6.864748779296875,0.15219517052173615,-0.06497921794652939,0.009720250964164734
1696965180397763000,6.87476318359375,0.15112993121147156,0.09693620353937149,-0.033954303711652756
1696965180407777300,6.88477734375,0.15326039493083954,-0.02876129187643528,0.0001331541279796511
1696965180417791700,6.894791748046875,0.15112993121147156,0.03408745676279068,-0.017975807189941406
1696965180427806000,6.904805908203125,0.15112993121147156,0.00852186419069767,-0.004127778112888336
1696965180437820200,6.914820068359375,0.15432563424110413,0.0053261648863554,-0.007323476951569319
1696965180447834400,6.92483447265625,0.15112993121147156,0.03089175745844841,-0.008388710208237171
1696965180457848800,6.934848876953125,0.15112993121147156,0.0063913981430232525,0.0001331541279796511
1696965180467863000,6.944863037109375,0.15326039493083954,0.01917419396340847,-0.0009320789249613881
1696965180477877200,6.954877197265625,0.14899946749210358,0.04047885537147522,0.0001331541279796511
1696965180487891500,6.964891357421875,0.15112993121147156,0.0063913981430232525,0.008655018173158169
1696965180497906000,6.974906005859375,0.15112993121147156,0.02982652559876442,0.0033288532868027687
1696965180507920100,6.984920166015625,0.15112993121147156,0.01171756349503994,0.012915950268507004
1696965180517934300,6.994934326171875,0.14899946749210358,0.04367455467581749,0.012915950268507004
1696965180527948500,7.004948486328125,0.15432563424110413,-0.01810896210372448,0.020372580736875534
1696965180537962800,7.014962646484375,0.15006470680236816,0.04793548583984375,0.007589785382151604
1696965180547977200,7.024977294921875,0.1564560979604721,-0.01917419396340847,0.025698747485876083
1696965180557991400,7.034991455078125,0.1553908735513687,0.04687025398015976,0.008655018173158169
1696965180568005600,7.045005615234375,0.1553908735513687,-0.0159784946590662,0.026763979345560074
1696965180578019800,7.055019775390625,0.1564560979604721,0.02343512699007988,0.018242115154862404
1696965180588034300,7.065034423828125,0.1553908735513687,0.03089175745844841,0.009720250964164734
1696965180598048500,7.075048583984375,0.1564560979604721,-0.00852186419069767,0.033155377954244614
1696965180608062700,7.085062744140625,0.15432563424110413,0.06178351491689682,0.006524552125483751
1696965180618077000,7.095076904296875,0.1553908735513687,0.007456631399691105,0.029959678649902344
1696965180628091400,7.10509130859375,0.1564560979604721,0.0010652330238372087,0.010785484686493874
1696965180638105600,7.115105712890625,0.15219517052173615,0.03408745676279068,0.025698747485876083
1696965180648119800,7.125119873046875,0.1564560979604721,-0.0010652330238372087,0.008655018173158169
1696965180658134000,7.135134033203125,0.15432563424110413,0.03302222490310669,0.016111649572849274
1696965180668148500,7.1451484375,0.1553908735513687,-0.03089175745844841,0.019307348877191544
1696965180678162700,7.15516259765625,0.15326039493083954,0.04900071769952774,0.0001331541279796511
1696965180688177000,7.165177001953125,0.1575213372707367,-0.0010652330238372087,0.011850717477500439
